Workbook
Name サブシステム名: 設定値!$I$3:$I$14
Name チーム名: 設定値!$K$3:$K$14
Name ドキュメント種別: 設定値!$U$3:$U$11
Name レビューア: 設定値!$O$3:$O$14
Name レビューイ: 設定値!$Q$3:$Q$14
Name レビュー形式: 設定値!$Y$3:$Y$7
Name レビュー検知漏れ原因: 設定値!$AM$3:$AM$10
Name レビュー工数__H: レビュー実施状況!$G$15:$G$17
Name レビュー時間: レビュー実施状況!$F$15:$F$17
Name レビュー実施形態: 設定値!$AA$3:$AA$7
Name レビュー種別: 設定値!$W$3:$W$7
Name 影響度: 設定値!$AO$3:$AO$12
Name 会社名: 設定値!$M$3:$M$14
Name 原因工程: 設定値!$AK$3:$AK$17
Name 原因分類: 設定値!$AI$3:$AI$31
Name 工程: 設定値!$S$3:$S$10
Name 合否判定: 設定値!$AC$3:$AC$6
Name 指摘分類: 設定値!$AG$3:$AG$21
Name 次回要否: 設定値!$AE$3:$AE$6
Name 対処要否: 設定値!$AQ$3:$AQ$8

Sheet レビュー実施状況
A1: 工程 | C1: 詳細設計 | E1: ドキュメント種別 | I1: サブシステム名 | M1: 機能ＩＤ/帳票ＩＤ | Q1: 記録者 | R1: 確認者 | S1: 承認者
A2: レビュー番号 | E2: レビュー種別 | I2: チーム名 | M2: 会社名
A3: レビュー対象物 | I3: レビューインプット | O3: 成果物規模 | P3: 16
A4: レビューの目的 | O4: レビュー規模
A6: レビュー合計時間 | D6: =SUM(レビュー時間) -> 120 | F6: レビュー合計工数 | I6: =SUM(レビュー工数__H) -> 0 | K6: レビュー状況
A7: 合計指摘件数（全体） | D7: =COUNTA(レビュー指摘一覧!H5:H10002) -> 12 | F7: 合計不具合件数 | I7: =COUNTIF(レビュー指摘一覧!K5:K10002,"01_要") -> 0
A9: 品質指標（実績値） | C9: レビュー不具合検出効率 | E9: =IF(ISERROR(I7/I6)," ",I7/I6) | G9: （件／H） | I9: 品質指標（基準値） | K9: 下限 | L9: 目標値 | M9: 上限
C10: レビュー工数密度 | E10: =IF(ISERROR(I6/(P4/10))," ",I6/(P4/10)) | G10: （人H／10頁） | I10: レビュー工数密度 | K10: =設定値!B4 -> 1.18 | L10: =設定値!C4 -> 2.67 | M10: =設定値!D4 -> 5.37 | N10: （人H／10頁）
C11: レビュー不具合検出密度 | E11: =IF(ISERROR(I7/(P4/10))," ",I7/(P4/10)) | G11: （件／10頁） | I11: レビュー不具合検出密度 | K11: =設定値!E4 -> 2 | L11: =設定値!F4 -> 4.44 | M11: =設定値!G4 -> 9.19 | N11: （件／10頁）
A13: レビュー回数 | B13: レビュー形式 | C13: レビュー実施形態 | D13: レビュー開始日時 | E13: レビュー終了日時 | F13: レビュー時間 | G13: レビュー工数（H） | H13: レビューア | K13: レビューイ | N13: レビュー参加人数 | O13: レビュー対象規模 | P13: レビュー工数密度 （人H／10頁） | Q13: 合否判定 | R13: 次回要否 | S13: 備考
H14: 主担当 | I14: 副担当 | J14: 陪席 | K14: 主担当 | L14: 副担当 | M14: 陪席
A15: 1 | D15: 45139.375 | E15: 45139.458 | F15: 120 | G15: =IF(F15<>"",F15/60*N15,"") -> 0 | H15: 山田 太郎 | K15: 鈴木 花子 | P15: =IF(ISERROR(G15/(O15/10)),"",G15/(O15/10))
G16: =IF(F16<>"",F16/60*N16,"") | P16: =IF(ISERROR(G16/(O16/10)),"",G16/(O16/10))
A17: END | B17: 行を追加をする場合、本行より上に挿入してください

Sheet レビュー指摘一覧
A3: 通番 | B3: レビュー回数 | C3: 指摘分類 | D3: 原因分類 | E3: 原因工程 | F3: レビュー検知漏れ原因 | G3: 影響度 | H3: 指摘項目・問題点 | I3: 指摘者 (レビューア) | J3: 処置・対策 | K3: 対処要否 | L3: 繰越 | M3: 指摘対応
M4: 修正担当 | N4: 期限 | O4: 確認
A5: =ROW()-4 -> 1 | B5: 1 | C5: 分類001_a | H5: _x000D_ aカテゴリの指摘内容サンプル。_x000D_ | I5: 山田 太郎 | J5: _x000D_ | M5: 鈴木 花子
A6: =ROW()-4 -> 2 | B6: 1 | C6: 分類002_b | H6: _x000D_ bカテゴリの指摘内容サンプル。_x000D_ | I6: 山田 太郎 | J6: _x000D_ | M6: 鈴木 花子
A7: =ROW()-4 -> 3 | B7: 1 | C7: 分類003_c | H7: _x000D_ cカテゴリの指摘内容サンプル。_x000D_ | I7: 山田 太郎 | J7: _x000D_ | M7: 鈴木 花子
A8: =ROW()-4 -> 4 | B8: 1 | C8: 分類004_d | H8: _x000D_ dカテゴリの指摘内容サンプル。_x000D_ | I8: 山田 太郎 | J8: _x000D_ | M8: 鈴木 花子
A9: =ROW()-4 -> 5 | B9: 1 | C9: 分類005_e | H9: _x000D_ eカテゴリの指摘内容サンプル。_x000D_ | I9: 山田 太郎 | J9: _x000D_ | M9: 鈴木 花子
A10: =ROW()-4 -> 6 | B10: 1 | C10: 分類006_f | H10: _x000D_ fカテゴリの指摘内容サンプル。_x000D_ | I10: 山田 太郎 | J10: _x000D_ | M10: 鈴木 花子
A11: =ROW()-4 -> 7 | B11: 1 | C11: 分類007_g | H11: _x000D_ gカテゴリの指摘内容サンプル。_x000D_ | I11: 山田 太郎 | J11: _x000D_ | M11: 鈴木 花子
A12: =ROW()-4 -> 8 | B12: 1 | C12: 分類008_h | H12: _x000D_ hカテゴリの指摘内容サンプル。_x000D_ | I12: 山田 太郎 | J12: _x000D_ | M12: 鈴木 花子
A13: =ROW()-4 -> 9 | B13: 1 | C13: 分類009_i | H13: _x000D_ iカテゴリの指摘内容サンプル。_x000D_ | I13: 山田 太郎 | J13: _x000D_ | M13: 鈴木 花子
A14: =ROW()-4 -> 10 | B14: 1 | C14: 分類010_j | H14: _x000D_ jカテゴリの指摘内容サンプル。_x000D_ | I14: 山田 太郎 | J14: _x000D_ | M14: 鈴木 花子
A15: =ROW()-4 -> 11 | B15: 1 | C15: 分類011_k | H15: _x000D_ kカテゴリの指摘内容サンプル。_x000D_ | I15: 山田 太郎 | J15: _x000D_ | M15: 鈴木 花子
A16: =ROW()-4 -> 12 | B16: 1 | C16: 分類012_l | H16: _x000D_ lカテゴリの指摘内容サンプル。_x000D_ | I16: 山田 太郎 | J16: _x000D_ | M16: 鈴木 花子
A17: =ROW()-4 -> 13
A18: END | B18: 行を追加をする場合、本行より上に挿入してください

Sheet 設定値
B2: 成果物レビュー工数密度〔人H/10頁〕 | E2: 成果物レビュー不具合検出密度 [件/10頁] | I2: サブシステム名 | K2: チーム名 | M2: 会社名 | O2: レビューア | Q2: レビューイ | S2: 工程 | U2: ドキュメント種別 | W2: レビュー種別 | Y2: レビュー形式 | AA2: レビュー実施形態 | AC2: 合否判定 | AE2: 次回要否 | AG2: 指摘分類 | AI2: 原因分類 | AK2: 原因工程 | AM2: レビュー検知漏れ原因 | AO2: 影響度 | AQ2: 対処要否
B3: 下限 | C3: 目標値 | D3: 上限 | E3: 下限 | F3: 目標値 | G3: 上限
B4: 1.18 | C4: 2.67 | D4: 5.37 | E4: 2 | F4: 4.44 | G4: 9.19 | I4: AAAA | K4: Dチーム | M4: G社 | O4: 中村 | Q4: 佐藤 | S4: 要件定義 | U4: 要件定義書 | W4: 委託先内レビュー | Y4: 業務有識者 | AA4: 対面レビュー | AC4: 合格 | AE4: 次回あり | AG4: 01_要件漏れ | AI4: 01_現行調査不足（時間・リソース不足） | AK4: 01_要件定義 | AM4: 01_成果物レビュー不足 | AO4: 01_単一コンポーネントに影響 | AQ4: 01_要
I5: BBBB | K5: Eチーム | M5: H社 | O5: 小林 | Q5: 鈴木 | S5: 外部設計 | U5: 外部設計書 | W5: 自社内部レビュー | Y5: 技術統括者 | AA5: 机上レビュー | AC5: 不合格 | AE5: 次回なし | AG5: 02_要件誤り | AI5: 02_現行理解不足（前提知識不足） | AK5: 02_外部設計 | AM5: 11_成果物レビュー不備（見逃し） | AO5: 02_単一機能内複数コンポーネントに影響 | AQ5: 02_不要
I6: CCCCC | K6: Fチーム | O6: 加藤 | Q6: 高橋 | S6: 内部設計 | U6: 内部設計書 | W6: 顧客レビュー | Y6: 業務有識者・技術統括者 | AA6: その他 | AG6: 03_要件不明確 | AI6: 03_現行調査ツール不備 | AK6: 03_内部設計 | AM6: 12_成果物レビュー不備（誤り） | AO6: 03_単一サブシステム内複数機能に影響 | AQ6: 03_重複
O7: 吉田 | Q7: 田中 | S7: プログラミング | U7: 単体テスト仕様書 | AG7: 04_要件不整合 | AI7: 11_インプット不備・不整合（顧客からの要件） | AK7: 04_プログラミング | AM7: 21_成果物再レビュー未実施・不足・不備 | AO7: 04_自システム内複数サブシステムに影響 | AQ7: 99_判断できず
O8: 山田 | Q8: 伊藤 | S8: 結合テスト | U8: 結合テスト仕様書 | AG8: 05_非機能・運用要件不備・不整合 | AI8: 12_インプット不備・不整合（現行資料） | AK8: 05_サブシステム内結合テスト | AM8: 81_初レビュー | AO8: 05_自システム全体に影響
Q9: 渡辺 | S9: システムテスト | U9: システムテスト仕様書 | AG9: 11_機能・仕様漏れ | AI9: 13_インプット不備・不整合（要件定義書） | AK9: 06_サブシステム間結合テスト | AM9: 99_判断できず | AO9: 06_同一顧客の他システムに影響
Q10: 山本 | U10: 計画書 | AG10: 12_機能・仕様誤り | AI10: 14_インプット不備・不整合（設計書） | AK10: 07_システムテスト | AO10: 07_対外システムに影響
AG11: 13_機能・仕様不明確 | AI11: 15_インプット不備・不整合（開発標準ルール） | AK11: 11_インフラ運用要件定義 | AO11: 99_判断できず
AG12: 14_機能・仕様不整合 | AI12: 16_インプット不備・不整合（管理運営ルール） | AK12: 12_インフラ運用設計
AG13: 15_非機能・運用仕様不備・不整合 | AI13: 21_業務・システム要件検討不足 | AK13: 13_インフラ運用構築
AG14: 21_設計・ドキュメント規約違反 | AI14: 22_方式要件検討不足 | AK14: 14_インフラ運用テスト
AG15: 22_記述誤り | AI15: 23_インフラ・基盤要件検討不足 | AK15: 21_移行・展開
AG16: 23_ドキュメント不足 | AI16: 31_業務知識・スキル・経験不足 | AK16: 99_判断できず
AG17: 91_疑問点、確認 | AI17: 32_システム知識・スキル・経験不足
AG18: 92_改善要望 | AI18: 33_開発標準ルール理解不足
AG19: 93_仕様変更 | AI19: 34_管理運営ルール理解不足
AG20: 99_判断できず | AI20: 35_誤字・脱字（日本語能力不足）
AI21: 36_誤字・脱字（自己再鑑不足）
AI22: 41_レビューア指摘誤り
AI23: 51_開発標準ルール運用の不徹底
AI24: 52_管理運営ルール運用の不徹底
AI25: 61_PJ内情報連携不備
AI26: 62_チーム内情報連携不備
AI27: 71_既存バグ
AI28: 91_仕様通り
AI29: 92_改善要望
AI30: 99_判断できず
